user_id,username,password,email
1,emma_lewis_109,fsfffSWHwV,emma.lewis@protonmail.com
2,laura_rivera_377,Irq1Qf@LAy,laura.rivera@hotmail.com
3,lisa_moore_280,*o*MT0imKz,lisa.moore@mail.com
4,michelle_roberts_22,TwJfyHnuR!,michelle.roberts@yandex.com
5,chris_moore_168,blg#lPLCCP,chris.moore@mail.com
6,emily_taylor_488,N1EpabDLZW,emily.taylor@yandex.com
7,daniel_nguyen_233,GOacbpW40l,daniel.nguyen@hotmail.com
8,chris_torres_937,*GB9Y$ic8S,chris.torres@yahoo.com
9,jane_nguyen_459,4nlIvI8mTl,jane.nguyen@aol.com
10,tom_campbell_916,j7ZzKOJkoY,tom.campbell@gmail.com
11,chris_campbell_742,RIZcJ$dn8f,chris.campbell@protonmail.com
12,laura_flores_283,H$4Cfif&gu,laura.flores@gmail.com
13,rebecca_wilson_507,npe8QpjrAB,rebecca.wilson@mail.com
14,emily_brown_138,lXChPlRwjV,emily.brown@protonmail.com
15,lisa_brown_378,Ta&yuwOIzP,lisa.brown@protonmail.com
16,rebecca_allen_768,p1r0uoNcV6,rebecca.allen@yandex.com
17,michelle_adams_566,9@rrqZXqE6,michelle.adams@yahoo.com
18,heather_thompson_284,EgZtmXcWES,heather.thompson@protonmail.com
19,nicole_scott_871,PR6TBeRrUz,nicole.scott@yahoo.com
20,michelle_jones_421,&&gC%NjQV*,michelle.jones@outlook.com
21,alex_miller_687,xdsc*KkE1M,alex.miller@zoho.com
22,brian_nguyen_555,#zkQwqxg1p,brian.nguyen@yandex.com
23,william_moore_283,ZGLe7yF3BM,william.moore@aol.com
24,robert_roberts_630,LlPSLgt6tJ,robert.roberts@icloud.com
25,jennifer_gonzalez_432,O8S$%Peo2&,jennifer.gonzalez@yandex.com
26,rachel_perez_179,Z0K05cByD6,rachel.perez@yandex.com
27,amanda_martinez_469,cBBxcFli&A,amanda.martinez@mail.com
28,jane_rodriguez_728,&MbuOE0stA,jane.rodriguez@yahoo.com
29,richard_lopez_913,xznFnrSOPm,richard.lopez@yahoo.com
30,james_mitchell_607,C6%pGBFXlW,james.mitchell@zoho.com
31,mia_mitchell_512,ETqxqX%OD2,mia.mitchell@gmail.com
32,emily_white_96,PyXnEpEjt!,emily.white@outlook.com
33,david_sanchez_272,HiBn$8qU$c,david.sanchez@aol.com
34,rachel_scott_240,0LyssHp3$a,rachel.scott@yahoo.com
35,olivia_johnson_818,LYX4@5jkyn,olivia.johnson@protonmail.com
36,jennifer_carter_328,cqbT&a!ApP,jennifer.carter@outlook.com
37,mia_king_483,QLabEmNujY,mia.king@protonmail.com
38,laura_gonzalez_723,TGGBMtapWi,laura.gonzalez@icloud.com
39,rebecca_walker_293,#@yVEf1qqk,rebecca.walker@yandex.com
40,stephanie_gonzalez_383,b2kgKjNDFg,stephanie.gonzalez@yahoo.com
41,amy_miller_637,S2mbJXKNrY,amy.miller@gmail.com
42,jason_flores_422,ferIKfEKyW,jason.flores@zoho.com
43,andrew_ramirez_551,F12dd#w8uq,andrew.ramirez@icloud.com
44,richard_green_740,L&7PWD3BB9,richard.green@yahoo.com
45,linda_rivera_900,U!hCuc!C48,linda.rivera@yandex.com
46,laura_adams_554,owJz0h$x2t,laura.adams@zoho.com
47,stephanie_smith_271,7Z@rLZ!DwR,stephanie.smith@mail.com
48,brian_williams_910,LuaTO5P1aM,brian.williams@outlook.com
49,katie_anderson_310,Ns*zlaK0Rg,katie.anderson@mail.com
50,chris_nguyen_867,7hQCkWvQkF,chris.nguyen@mail.com
51,sophia_carter_643,FiAw2MPSdp,sophia.carter@protonmail.com
52,samantha_davis_595,!ffpWpKMqp,samantha.davis@gmail.com
53,patrick_johnson_923,rS#6vfFbIo,patrick.johnson@yahoo.com
54,stephanie_lopez_753,J482pFM9iq,stephanie.lopez@outlook.com
55,steven_taylor_571,QfKH7V2nUR,steven.taylor@icloud.com
56,michelle_williams_55,@G$zAzEm#o,michelle.williams@gmail.com
57,katie_carter_143,jZcrFSioss,katie.carter@hotmail.com
58,steven_perez_137,xV%Lbo8fnO,steven.perez@zoho.com
59,david_taylor_706,TZFf!bwuyg,david.taylor@hotmail.com
60,sara_white_444,H9KyUZH*Fw,sara.white@zoho.com
61,eric_wilson_118,p!Ycrw3tt5,eric.wilson@gmail.com
62,sophia_nelson_646,mX8J$rNWru,sophia.nelson@icloud.com
63,jeffrey_torres_666,aLC$5&ablZ,jeffrey.torres@mail.com
64,ryan_wilson_348,ku1oKzN3&Y,ryan.wilson@mail.com
65,jeffrey_johnson_833,P4KFa%sIZT,jeffrey.johnson@gmail.com
66,hannah_harris_334,uiqToDx5Ka,hannah.harris@gmail.com
67,brian_wilson_657,*F1sz2GUhB,brian.wilson@mail.com
68,amy_white_979,@B26eqreou,amy.white@gmail.com
69,robert_garcia_553,WcKLMwwL%*,robert.garcia@hotmail.com
70,timothy_lewis_337,j%qe7*N5tR,timothy.lewis@hotmail.com
71,amanda_taylor_713,zGZbQH@WPi,amanda.taylor@zoho.com
72,john_scott_833,jbBN7FOD1@,john.scott@aol.com
73,mike_walker_171,2*NzupFhkC,mike.walker@yahoo.com
74,matthew_robinson_504,qDzFhxg7c$,matthew.robinson@zoho.com
75,linda_taylor_657,qFBQjPwr*k,linda.taylor@yahoo.com
76,sara_hall_84,2DB#IlKMQd,sara.hall@gmail.com
77,david_thomas_962,3I70!G#!j2,david.thomas@zoho.com
78,jane_williams_145,3cuC03xGch,jane.williams@protonmail.com
79,melissa_smith_664,ATF6bfChNx,melissa.smith@aol.com
80,sophia_anderson_678,yA$tRB2E4F,sophia.anderson@gmail.com
81,chris_hall_326,gUvfFfEAOH,chris.hall@protonmail.com
82,nicole_wright_650,1VNWbvlYln,nicole.wright@protonmail.com
83,steven_davis_959,6nfNbxfjWl,steven.davis@gmail.com
84,joshua_white_193,8R7#S4$mlg,joshua.white@mail.com
85,james_moore_722,MCtXx1Du#a,james.moore@zoho.com
86,timothy_jones_953,eSj25yQULv,timothy.jones@icloud.com
87,nicole_anderson_667,#Y383mL$DU,nicole.anderson@yandex.com
88,david_anderson_354,FhW&08@8CT,david.anderson@yandex.com
89,chris_green_12,kzLR3G!v&p,chris.green@zoho.com
90,nicole_mitchell_161,cAGe0x&r00,nicole.mitchell@mail.com
91,david_jones_827,i8PBpIudby,david.jones@zoho.com
92,jane_lopez_219,GiV4gI0gel,jane.lopez@yandex.com
93,laura_anderson_921,Qh1$eOzdBJ,laura.anderson@icloud.com
94,james_garcia_577,GIB&b4A0y8,james.garcia@mail.com
95,mike_gonzalez_687,cUkmlzDo0L,mike.gonzalez@protonmail.com
96,eric_williams_633,w04slmr$fD,eric.williams@gmail.com
97,jane_torres_136,kfaZ#*e$e*,jane.torres@zoho.com
98,melissa_nguyen_361,bGMWaWH2cU,melissa.nguyen@hotmail.com
99,laura_brown_193,8X&J@G35BH,laura.brown@aol.com
100,melissa_taylor_213,UglSe*35K!,melissa.taylor@yandex.com
101,joshua_rodriguez_270,P4dKNLO6YX,joshua.rodriguez@yandex.com
102,robert_torres_408,L%EoYmAYKF,robert.torres@yandex.com
103,mike_moore_780,sdl#@yVhkQ,mike.moore@icloud.com
104,richard_martin_346,NVRYOwfbG#,richard.martin@aol.com
105,rachel_allen_475,rz8gLh#BTq,rachel.allen@gmail.com
106,richard_wright_832,njGqvO%UcE,richard.wright@icloud.com
107,amanda_lopez_17,xF6OHpu0gs,amanda.lopez@icloud.com
108,emily_campbell_548,BgUxIf&0cn,emily.campbell@protonmail.com
109,lisa_gonzalez_68,PGBEsif8ja,lisa.gonzalez@zoho.com
110,steven_taylor_35,ORDZwR9q$v,steven.taylor@zoho.com
111,olivia_ramirez_783,g$cCBtwlFg,olivia.ramirez@yandex.com
112,katie_torres_315,B*FwfV7ESK,katie.torres@protonmail.com
113,robert_brown_469,4GvtoRgevS,robert.brown@hotmail.com
114,linda_rodriguez_177,H7yhNvcOOe,linda.rodriguez@gmail.com
115,daniel_hall_47,%3#IdqNCBo,daniel.hall@yandex.com
116,emma_hall_880,Ae1hx*W$F6,emma.hall@zoho.com
117,jane_green_181,IEBJoP0!Zm,jane.green@hotmail.com
118,hannah_hernandez_53,HjfoPk#rJs,hannah.hernandez@yandex.com
119,brian_lewis_842,IsKpP1Ep9B,brian.lewis@hotmail.com
120,samantha_miller_781,hYxMdhGgHO,samantha.miller@gmail.com
121,timothy_lee_299,4WkKcOsG6f,timothy.lee@icloud.com
122,jennifer_campbell_443,EGDrsuWASC,jennifer.campbell@outlook.com
123,christopher_rivera_203,n$4XFABMjo,christopher.rivera@yahoo.com
124,jane_adams_622,$EtpcJ5QCv,jane.adams@zoho.com
125,olivia_thomas_227,kCJLWOojPo,olivia.thomas@icloud.com
126,rebecca_wilson_629,bzCpud%PZE,rebecca.wilson@zoho.com
127,joshua_martinez_386,K&r@zO&lYV,joshua.martinez@gmail.com
128,jennifer_adams_121,CERi7WL9R0,jennifer.adams@gmail.com
129,william_hernandez_62,A53TeK2syF,william.hernandez@outlook.com
130,nicole_allen_927,oaEIKewdDa,nicole.allen@outlook.com
131,mike_roberts_755,fAG2cU*c!1,mike.roberts@protonmail.com
132,nicole_wright_705,T3$Z!akwxj,nicole.wright@gmail.com
133,emma_martinez_760,XetSPu*pQJ,emma.martinez@yandex.com
134,samantha_green_91,wJIL$vF89X,samantha.green@mail.com
135,christopher_lee_825,w2TV4tKGG5,christopher.lee@protonmail.com
136,jason_allen_496,U7BerpT7Wb,jason.allen@protonmail.com
137,steven_clark_978,0V1B3voX&C,steven.clark@hotmail.com
138,mia_harris_137,NSQ#Q1KidN,mia.harris@icloud.com
139,rachel_allen_765,5@jT&qt1VT,rachel.allen@mail.com
140,rebecca_roberts_787,Naco#RfrCM,rebecca.roberts@hotmail.com
141,sara_ramirez_965,QgfFts9qe5,sara.ramirez@mail.com
142,laura_thomas_70,!4l1Jqwp6W,laura.thomas@aol.com
143,matthew_roberts_571,7wqYm2yR$H,matthew.roberts@icloud.com
144,brian_miller_194,IAgrB@2Xi2,brian.miller@protonmail.com
145,michelle_taylor_689,t5@!ZPWRRJ,michelle.taylor@yahoo.com
146,patrick_white_525,oNY0gRsPXX,patrick.white@zoho.com
147,matthew_flores_900,zWb2UiMA@9,matthew.flores@gmail.com
148,jason_ramirez_275,cn@DdpQZgL,jason.ramirez@aol.com
149,steven_clark_14,MC#G4zSUVe,steven.clark@gmail.com
150,daniel_robinson_583,k@iKdaFwQE,daniel.robinson@aol.com
151,andrew_lee_477,hXAvd3vj@d,andrew.lee@hotmail.com
152,stephanie_sanchez_350,Xaad8CvPT6,stephanie.sanchez@outlook.com
153,richard_martin_120,zX3KLoqjXu,richard.martin@icloud.com
154,rachel_moore_330,QDcUJw6jp%,rachel.moore@protonmail.com
155,amy_anderson_769,NTMOZz5IX*,amy.anderson@yahoo.com
156,laura_perez_476,hviC3a4WIq,laura.perez@yandex.com
157,chris_johnson_892,8T85mag8jD,chris.johnson@icloud.com
158,brian_hill_186,B2T&N$pv%D,brian.hill@icloud.com
159,david_anderson_134,EGEGJMufzW,david.anderson@yandex.com
160,chris_anderson_132,!xm9YlU2xG,chris.anderson@zoho.com
161,jeffrey_hernandez_945,68oVK9ft2i,jeffrey.hernandez@yahoo.com
162,amanda_williams_568,T7%lrsnt3L,amanda.williams@outlook.com
163,michelle_thompson_844,Qv8CyFBBtT,michelle.thompson@aol.com
164,justin_jones_798,PUY32GDc90,justin.jones@hotmail.com
165,sara_nelson_822,bT2FP@uFyl,sara.nelson@mail.com
166,david_green_834,I72rkIqU9S,david.green@yandex.com
167,olivia_williams_167,ALp!fWDaM8,olivia.williams@zoho.com
168,laura_white_981,0kdOD65Hjv,laura.white@icloud.com
169,daniel_williams_124,mB&dw1FH3E,daniel.williams@gmail.com
170,joshua_young_623,wnt!OEy9xA,joshua.young@outlook.com
171,chris_baker_574,cXU3DIysPf,chris.baker@yahoo.com
172,matthew_allen_979,Mx9#QaLYOA,matthew.allen@yahoo.com
173,steven_lewis_39,rG4Mg7C4y8,steven.lewis@aol.com
174,andrew_johnson_528,oUCOJ9*2VS,andrew.johnson@yahoo.com
175,david_wilson_79,VBH#S1t*yG,david.wilson@yandex.com
176,jennifer_sanchez_383,T4YGakSVrL,jennifer.sanchez@gmail.com
177,brian_scott_142,xnPHix&dao,brian.scott@outlook.com
178,jeffrey_brown_168,F!7$ZvnSdp,jeffrey.brown@yandex.com
179,steven_nguyen_920,cxSPVJ1!H4,steven.nguyen@protonmail.com
180,olivia_lewis_789,5&Hp4R2yQC,olivia.lewis@gmail.com
181,victoria_brown_332,U#GXyKpmPg,victoria.brown@mail.com
182,heather_hernandez_736,fj7j4I8edf,heather.hernandez@hotmail.com
183,david_carter_65,rg17@5SBjc,david.carter@outlook.com
184,elizabeth_carter_816,kG256%tbad,elizabeth.carter@gmail.com
185,heather_thompson_513,9ur%TyWqte,heather.thompson@gmail.com
186,lisa_young_341,IzupUwGUAT,lisa.young@zoho.com
187,patrick_hill_215,!mzlD*Xe4S,patrick.hill@gmail.com
188,nicole_hill_17,$bwjUrzPUa,nicole.hill@zoho.com
189,steven_thomas_517,9dTE!DwbHq,steven.thomas@icloud.com
190,emma_johnson_373,3ZJlug7&r$,emma.johnson@mail.com
191,jason_williams_790,88mh!eLzsn,jason.williams@outlook.com
192,rachel_nelson_825,0zv*Kvki3g,rachel.nelson@yahoo.com
193,timothy_lewis_860,pNr$1jH$dd,timothy.lewis@hotmail.com
194,melissa_smith_526,XfO*kJ0$gC,melissa.smith@protonmail.com
195,sara_gonzalez_746,*AKgaoE5jH,sara.gonzalez@mail.com
196,robert_williams_136,kA&cAe3Noc,robert.williams@gmail.com
197,tom_nguyen_792,sf4NhsDivt,tom.nguyen@outlook.com
198,jason_harris_571,XPAw@hKIyu,jason.harris@outlook.com
199,tom_davis_265,cik#5ujJb7,tom.davis@hotmail.com
200,ryan_walker_904,R#&xJQI5vo,ryan.walker@zoho.com
201,samantha_jones_716,rLq9WRLRVk,samantha.jones@icloud.com
202,stephanie_brown_304,mKqPi7NjZq,stephanie.brown@hotmail.com
203,steven_robinson_707,r%MXS0P175,steven.robinson@yahoo.com
204,amanda_garcia_838,s&tpO7*Qwa,amanda.garcia@zoho.com
205,joshua_rodriguez_418,7trP$r3yfi,joshua.rodriguez@icloud.com
206,tom_lee_749,oeg7VooQ0I,tom.lee@aol.com
207,jane_walker_851,utOPelm6A3,jane.walker@gmail.com
208,jason_harris_279,i8IY&OVHVq,jason.harris@mail.com
209,eric_sanchez_232,WTYyk#SJC!,eric.sanchez@gmail.com
210,christopher_sanchez_123,kysBzQgD4$,christopher.sanchez@yandex.com
211,melissa_carter_185,T@!IfQSrjp,melissa.carter@outlook.com
212,tom_adams_619,BgvK4rYgur,tom.adams@mail.com
213,william_taylor_791,k@uk8zjxHo,william.taylor@zoho.com
214,jane_campbell_529,RTM7GaC!9v,jane.campbell@yandex.com
215,matthew_scott_525,lyw@OCe5W1,matthew.scott@zoho.com
216,brian_brown_495,HD994UGk01,brian.brown@outlook.com
217,justin_wilson_544,07CYwE*c9e,justin.wilson@yandex.com
218,timothy_ramirez_298,knSBnU%fM#,timothy.ramirez@icloud.com
219,richard_rodriguez_983,#xhx&cNmtn,richard.rodriguez@aol.com
220,rachel_nguyen_857,K5!sycPsJ$,rachel.nguyen@outlook.com
221,andrew_gonzalez_606,HgcUvul62s,andrew.gonzalez@zoho.com
222,sophia_miller_599,O*r%3fpjva,sophia.miller@gmail.com
223,ryan_clark_27,8TXLr2%!2Q,ryan.clark@hotmail.com
224,michelle_moore_377,okRWo142Jf,michelle.moore@mail.com
225,sophia_gonzalez_399,OyH1E#ITS2,sophia.gonzalez@mail.com
226,hannah_wright_444,yRp!0AtvkQ,hannah.wright@protonmail.com
227,richard_king_919,3HTn4z$K@X,richard.king@mail.com
228,melissa_white_872,zlfZ*l8EKX,melissa.white@hotmail.com
229,victoria_perez_800,PID36N3$sz,victoria.perez@gmail.com
230,chris_thomas_759,mQXJc9nU5r,chris.thomas@gmail.com
231,sophia_scott_192,az28AgzDms,sophia.scott@zoho.com
232,rachel_miller_430,RYhu&SqOKf,rachel.miller@yandex.com
233,mia_allen_310,Q*FofagJ5U,mia.allen@hotmail.com
234,emily_thomas_520,9e0ovjqvZQ,emily.thomas@zoho.com
235,richard_baker_585,Y9c$*hom$V,richard.baker@hotmail.com
236,andrew_lee_366,F9AbXuPT5s,andrew.lee@zoho.com
237,amy_robinson_71,%c9I5EUIbF,amy.robinson@yandex.com
238,jeffrey_lopez_461,$nwL3udZg5,jeffrey.lopez@mail.com
239,james_clark_462,V#*bAH!&Yi,james.clark@icloud.com
240,stephanie_young_306,6WxcMpfxvG,stephanie.young@icloud.com
241,rachel_hernandez_701,OvPAZvm*vJ,rachel.hernandez@outlook.com
242,alex_miller_979,A&FgwX6jv$,alex.miller@gmail.com
243,elizabeth_young_820,S3oLldXiHJ,elizabeth.young@protonmail.com
244,andrew_sanchez_986,o@7dmKy20i,andrew.sanchez@yandex.com
245,kevin_hall_542,DygmUXVEiG,kevin.hall@icloud.com
246,joshua_brown_114,dUO#EeGKct,joshua.brown@zoho.com
247,linda_thomas_584,G8i4*GLxjX,linda.thomas@yandex.com
248,sara_miller_553,*EH86qSmyI,sara.miller@zoho.com
249,andrew_nelson_293,t9SB$8$LeT,andrew.nelson@gmail.com
250,hannah_williams_789,m0oh*&5SnH,hannah.williams@outlook.com
251,matthew_scott_327,2o!v9LVC9C,matthew.scott@outlook.com
252,lisa_harris_701,Bs10Ne64PE,lisa.harris@mail.com
253,lisa_rodriguez_337,Boz7D6PkzJ,lisa.rodriguez@outlook.com
254,stephanie_taylor_688,nCSi1%9@GS,stephanie.taylor@hotmail.com
255,justin_sanchez_439,9QUa#usd2e,justin.sanchez@outlook.com
256,steven_baker_376,SAsbNNTb2y,steven.baker@mail.com
257,katie_martinez_394,Rq&vpwim!f,katie.martinez@aol.com
258,john_white_170,&IXQBTnugM,john.white@hotmail.com
259,justin_miller_18,B*DyZyd@l@,justin.miller@aol.com
260,chris_davis_211,iWSqYUItMe,chris.davis@zoho.com
261,ryan_harris_142,V7zaHJ1MeV,ryan.harris@gmail.com
262,joshua_perez_559,POR!Rjqr5J,joshua.perez@protonmail.com
263,michelle_nguyen_158,EOE0qpj*T&,michelle.nguyen@yandex.com
264,sara_harris_679,ATe5I7ywp0,sara.harris@aol.com
265,alex_wilson_254,HmvI9Fyo7f,alex.wilson@yandex.com
266,sara_clark_803,2vTn2RngR0,sara.clark@icloud.com
267,robert_hall_137,!#0Xtw&c33,robert.hall@yahoo.com
268,linda_torres_239,BaS446QK&v,linda.torres@gmail.com
269,katie_hall_305,2i9n6NrFCm,katie.hall@gmail.com
270,david_miller_261,@j13bQ1klt,david.miller@hotmail.com
271,steven_jackson_746,Y3KQzfSAh%,steven.jackson@yandex.com
272,jane_hall_593,b%YVMLM24Q,jane.hall@outlook.com
273,steven_smith_124,gDmVBW$jM*,steven.smith@hotmail.com
274,timothy_carter_993,qlPYN#DiSD,timothy.carter@gmail.com
275,ryan_johnson_655,X37g9b79lW,ryan.johnson@outlook.com
276,sophia_anderson_943,5TnatUr8&F,sophia.anderson@protonmail.com
277,james_moore_57,uEG0vCOHS5,james.moore@outlook.com
278,tom_garcia_461,YTzq1xIP39,tom.garcia@hotmail.com
279,linda_davis_740,egzteV6U81,linda.davis@yahoo.com
280,stephanie_anderson_287,uI&vsXo1FN,stephanie.anderson@icloud.com
281,jason_garcia_327,@$0*gRFv7T,jason.garcia@mail.com
282,joshua_gonzalez_699,ySN%RsEACf,joshua.gonzalez@hotmail.com
283,sara_brown_941,DdNgbx*ROb,sara.brown@yandex.com
284,melissa_lopez_286,Xe&kGB2D1m,melissa.lopez@aol.com
285,elizabeth_baker_124,aNhV4IOCfN,elizabeth.baker@zoho.com
286,ryan_lee_20,Bz0NKxws7H,ryan.lee@zoho.com
287,kevin_nelson_919,GfV8wjFTlD,kevin.nelson@icloud.com
288,sara_jackson_547,6QPjexe2bl,sara.jackson@mail.com
289,tom_jackson_164,G!e@asjIil,tom.jackson@zoho.com
290,emma_brown_591,dM8e4VL!O7,emma.brown@hotmail.com
291,victoria_jones_641,489O&RMki!,victoria.jones@protonmail.com
292,brian_brown_850,2eSytLxybN,brian.brown@icloud.com
293,jane_miller_794,z%Mx#LGr&K,jane.miller@yandex.com
294,richard_jackson_263,Q!7h@5Xbv@,richard.jackson@gmail.com
295,matthew_allen_613,6DutLX0H99,matthew.allen@mail.com
296,michelle_carter_265,O7zszmgy1J,michelle.carter@zoho.com
297,lisa_wilson_535,oBOFCPo@k6,lisa.wilson@aol.com
298,steven_white_929,4h#P6j2wkV,steven.white@yahoo.com
299,eric_garcia_82,m4k3RYtGZS,eric.garcia@protonmail.com
300,james_brown_934,9d63wWpoDJ,james.brown@mail.com
301,chris_rodriguez_730,sfT7lWnMsq,chris.rodriguez@gmail.com
302,robert_perez_788,FDLBz#%rNc,robert.perez@mail.com
303,amanda_rivera_73,QIhJJJZ&c1,amanda.rivera@gmail.com
304,matthew_king_837,v9Ha7vq!Nw,matthew.king@mail.com
305,amy_roberts_947,C5n6YaCzfB,amy.roberts@mail.com
306,mia_scott_794,DTbVy@Gnc4,mia.scott@aol.com
307,alex_adams_878,0pR7Vl5i!s,alex.adams@outlook.com
308,jane_lewis_265,5XO%tn$UE1,jane.lewis@zoho.com
309,hannah_hill_565,R1$@%Ld&Jx,hannah.hill@yahoo.com
310,lisa_ramirez_869,N3BFf%JrpC,lisa.ramirez@mail.com
311,matthew_thompson_725,0H#Fo%HC0y,matthew.thompson@icloud.com
312,amy_davis_765,2i7%GMRLzN,amy.davis@outlook.com
313,patrick_moore_795,WlA1HLkE9l,patrick.moore@mail.com
314,david_torres_835,$9vlTNLW2R,david.torres@gmail.com
315,melissa_flores_920,7b2$!ElLfU,melissa.flores@outlook.com
316,nicole_nelson_779,rC5kxlBsEo,nicole.nelson@yandex.com
317,samantha_rodriguez_252,9i$EVMdaNT,samantha.rodriguez@yandex.com
318,heather_robinson_498,Ea0zO!FsB5,heather.robinson@protonmail.com
319,william_anderson_622,%grn4cV&e@,william.anderson@protonmail.com
320,emma_moore_894,koNUQoMtmp,emma.moore@aol.com
321,kevin_brown_895,AWUu7ZCzMi,kevin.brown@protonmail.com
322,matthew_wilson_233,wBsifv@TBb,matthew.wilson@yahoo.com
323,chris_johnson_660,r7Q0yLRCkP,chris.johnson@protonmail.com
324,justin_robinson_321,UUc68j*58*,justin.robinson@outlook.com
325,laura_torres_906,p5N*ty60O7,laura.torres@mail.com
326,nicole_johnson_145,xBID7lxlGM,nicole.johnson@gmail.com
327,katie_sanchez_606,Z3u#QyKH32,katie.sanchez@outlook.com
328,jennifer_smith_600,KQ8LQpyx&K,jennifer.smith@gmail.com
329,mia_sanchez_910,ITeCgNn25P,mia.sanchez@yahoo.com
330,daniel_thomas_909,WMFEMutzo7,daniel.thomas@aol.com
331,joshua_wright_481,l&38xKfh*c,joshua.wright@hotmail.com
332,chris_wright_346,$9S0Zyw%Ob,chris.wright@mail.com
333,nicole_walker_766,fgFwd7!azo,nicole.walker@aol.com
334,matthew_moore_380,sI&mQcKHsr,matthew.moore@icloud.com
335,jane_white_496,EWai8jOHeF,jane.white@yandex.com
336,matthew_harris_606,00aIxC$EvP,matthew.harris@zoho.com
337,jane_roberts_154,AFCIdKEfl$,jane.roberts@yahoo.com
338,chris_moore_890,JUQ*NjH%C0,chris.moore@outlook.com
339,heather_allen_264,Bgh&WQEC*r,heather.allen@mail.com
340,andrew_johnson_604,HgWKWlzrS#,andrew.johnson@aol.com
341,tom_jackson_424,dR#YTKIA7@,tom.jackson@hotmail.com
342,alex_carter_321,H!wm5U$tgt,alex.carter@mail.com
343,elizabeth_robinson_858,&KC4BzGE6x,elizabeth.robinson@gmail.com
344,matthew_roberts_434,86CgDx5o7p,matthew.roberts@hotmail.com
345,nicole_wilson_632,ur4KZVo4a!,nicole.wilson@yahoo.com
346,james_carter_557,wAopesJVty,james.carter@mail.com
347,jane_harris_801,WiG9ePQptx,jane.harris@yandex.com
348,steven_anderson_126,$tJIWf84Ge,steven.anderson@protonmail.com
349,sara_nguyen_123,u@15#QUhDX,sara.nguyen@hotmail.com
350,jennifer_gonzalez_391,Sp0tSe1yK!,jennifer.gonzalez@gmail.com
351,emily_hall_695,0v8pT#$CiF,emily.hall@zoho.com
352,linda_clark_864,wm&2ARBnAE,linda.clark@protonmail.com
353,sara_robinson_640,BAqeauXRd&,sara.robinson@aol.com
354,christopher_taylor_509,*jW@0S4uDL,christopher.taylor@zoho.com
355,ryan_hall_528,CNEmHRR4Xg,ryan.hall@protonmail.com
356,sophia_rodriguez_128,@XN*JkNJ5j,sophia.rodriguez@zoho.com
357,sophia_johnson_798,KZ5uXOcsLb,sophia.johnson@hotmail.com
358,jason_baker_848,vS8rO@ph5B,jason.baker@zoho.com
359,daniel_allen_875,DBd87ZBP31,daniel.allen@mail.com
360,brian_young_458,uH9pTw!uY2,brian.young@outlook.com
361,brian_perez_262,qcnaQJzM9#,brian.perez@protonmail.com
362,christopher_miller_887,oe1nKqNWw8,christopher.miller@hotmail.com
363,john_anderson_288,*TIPzBW!aE,john.anderson@aol.com
364,rachel_nguyen_564,YbH#DS5nFE,rachel.nguyen@yahoo.com
365,rebecca_taylor_38,VrdJIwBBto,rebecca.taylor@hotmail.com
366,amanda_smith_753,vy0Z2Z1TKb,amanda.smith@gmail.com
367,katie_green_611,W37ZV1ersl,katie.green@zoho.com
368,jason_young_347,WxGqpi3x$H,jason.young@hotmail.com
369,rachel_flores_215,LxRhRnC%Zu,rachel.flores@yahoo.com
370,alex_anderson_770,r2PXkN$R@d,alex.anderson@mail.com
371,andrew_gonzalez_872,j#rqI*Et5k,andrew.gonzalez@outlook.com
372,steven_flores_632,218UkJsbGR,steven.flores@gmail.com
373,jason_thompson_797,z7of%A8Fdu,jason.thompson@mail.com
374,amy_campbell_212,lcqzYoietf,amy.campbell@aol.com
375,mike_thomas_955,N*kk5WDpT9,mike.thomas@icloud.com
376,katie_torres_55,OMz265QINr,katie.torres@hotmail.com
377,justin_smith_915,t8grytOCKo,justin.smith@gmail.com
378,mike_davis_695,6OeRCbO!EI,mike.davis@protonmail.com
379,william_taylor_969,Pb2ciygIua,william.taylor@yandex.com
380,jennifer_nguyen_974,DhpDwpy8wL,jennifer.nguyen@yahoo.com
381,emma_lee_725,i9eKgD9&cc,emma.lee@hotmail.com
382,james_taylor_963,Ugrqi4dEJc,james.taylor@gmail.com
383,linda_hernandez_273,hSUnzOt8MQ,linda.hernandez@mail.com
384,laura_hall_299,e#tX2aVKRu,laura.hall@yandex.com
385,mia_brown_437,%$f049ph&F,mia.brown@icloud.com
386,melissa_carter_866,*@0qpSrifc,melissa.carter@gmail.com
387,tom_king_437,%yn$LBh#tT,tom.king@icloud.com
388,victoria_allen_172,LeicrSRcSx,victoria.allen@zoho.com
389,samantha_martinez_61,@VD@*ZE1GK,samantha.martinez@protonmail.com
390,chris_lewis_430,FNhAfw!r1V,chris.lewis@outlook.com
391,rachel_wilson_116,v*rc$HcGc%,rachel.wilson@yahoo.com
392,amanda_white_123,YoS1hVEkbf,amanda.white@yandex.com
393,heather_johnson_742,PT7e%K306N,heather.johnson@mail.com
394,joshua_moore_640,mUs06juNH4,joshua.moore@aol.com
395,richard_rodriguez_260,xaT2eqZPK1,richard.rodriguez@protonmail.com
396,justin_anderson_161,XLViND3V0l,justin.anderson@outlook.com
397,richard_scott_832,cxF*b@3SFc,richard.scott@icloud.com
398,melissa_lee_680,sSkUlhNtTf,melissa.lee@yandex.com
399,christopher_adams_49,QjZBicEtzs,christopher.adams@hotmail.com
400,daniel_allen_522,O#X08iiVUB,daniel.allen@hotmail.com
401,laura_smith_676,288n2RKjr4,laura.smith@aol.com
402,rebecca_martin_585,#VWiUq#nb6,rebecca.martin@yandex.com
403,emily_mitchell_169,C4E3AiEhmG,emily.mitchell@aol.com
404,ryan_taylor_977,N$BoF1OuHD,ryan.taylor@hotmail.com
405,rebecca_thompson_198,FDKV@MpnL1,rebecca.thompson@mail.com
406,samantha_moore_90,&XFxmF@Wkn,samantha.moore@mail.com
407,robert_rivera_251,kIQLXHzs0!,robert.rivera@zoho.com
408,jeffrey_hernandez_361,ZVAi%GMT@W,jeffrey.hernandez@aol.com
409,patrick_lee_335,Xa720OyAUz,patrick.lee@yandex.com
410,sara_robinson_663,Knoi8cdqZ8,sara.robinson@outlook.com
411,robert_gonzalez_751,7cCAwmDw@A,robert.gonzalez@mail.com
412,samantha_lewis_974,1TinxwMi@R,samantha.lewis@aol.com
413,daniel_davis_137,U4H@RHBML0,daniel.davis@protonmail.com
414,rachel_carter_652,YXia0qS*Bu,rachel.carter@icloud.com
415,joshua_taylor_234,8GXaeta@MO,joshua.taylor@protonmail.com
416,elizabeth_allen_155,Z2PKg!xOZj,elizabeth.allen@yahoo.com
417,jennifer_young_711,ictroF6FU5,jennifer.young@hotmail.com
418,emily_miller_587,@5eyWb1wUa,emily.miller@yahoo.com
419,jason_wilson_55,mbz$O&sE@L,jason.wilson@icloud.com
420,eric_robinson_39,TMu60jeD0u,eric.robinson@protonmail.com
421,david_torres_647,2GHJxpCG4@,david.torres@hotmail.com
422,nicole_moore_861,FDqw&00RJ&,nicole.moore@protonmail.com
423,christopher_torres_788,EoKdKocO1@,christopher.torres@yahoo.com
424,mike_roberts_379,tWZj7vh!cC,mike.roberts@gmail.com
425,melissa_jackson_785,fv7c$d%eGS,melissa.jackson@protonmail.com
426,chris_miller_354,bEACXQq*a$,chris.miller@yandex.com
427,alex_baker_870,uF7t%HKMf1,alex.baker@outlook.com
428,victoria_wilson_867,%y40ybgxvP,victoria.wilson@aol.com
429,daniel_carter_322,wzgPg$qO1d,daniel.carter@yandex.com
430,alex_jones_122,oMCqsC30*l,alex.jones@aol.com
431,alex_clark_454,7j3d0$cTWT,alex.clark@outlook.com
432,sophia_jackson_254,McJ@*pB*OA,sophia.jackson@mail.com
433,william_nguyen_537,cGu!rJGyG6,william.nguyen@mail.com
434,rachel_lewis_368,YC$roHHZjQ,rachel.lewis@outlook.com
435,heather_jackson_665,RZMJam$urp,heather.jackson@mail.com
436,kevin_adams_268,mbhw1OHkTm,kevin.adams@outlook.com
437,kevin_white_476,&IX7tDGLRZ,kevin.white@outlook.com
438,linda_roberts_932,7&Gt@CXO&6,linda.roberts@yahoo.com
439,lisa_garcia_496,rXHkM3kqT&,lisa.garcia@yahoo.com
440,hannah_lewis_996,lRD2ulM&T0,hannah.lewis@mail.com
441,james_young_889,lfDR&fO*BS,james.young@yandex.com
442,matthew_moore_821,KLYtNsX2e7,matthew.moore@yahoo.com
443,joshua_johnson_699,Fm%lej3Ksz,joshua.johnson@yahoo.com
444,amy_clark_255,n4KsF$#B!S,amy.clark@yandex.com
445,sophia_moore_14,RMvYHKK2gW,sophia.moore@gmail.com
446,steven_green_461,Qsf68EB@!2,steven.green@yahoo.com
447,katie_hernandez_423,pLDfnyqC5s,katie.hernandez@outlook.com
448,amy_baker_59,YSdyUdF3Zt,amy.baker@hotmail.com
449,lisa_torres_188,AOExVwliqc,lisa.torres@mail.com
450,william_nelson_391,5YIC66Q8Y1,william.nelson@protonmail.com
451,lisa_hall_836,qSBMt5##MJ,lisa.hall@gmail.com
452,amy_wilson_589,n&BPCjD3BI,amy.wilson@mail.com
453,amanda_white_415,rOVNUEzr!*,amanda.white@gmail.com
454,hannah_mitchell_799,KlFha48QLt,hannah.mitchell@zoho.com
455,linda_wilson_815,H0&V5uKHe@,linda.wilson@hotmail.com
456,justin_smith_342,*Ny4Bm&0Vz,justin.smith@icloud.com
457,emily_rivera_650,!Y4$Vguh2N,emily.rivera@hotmail.com
458,richard_anderson_440,L5LOCGXjv!,richard.anderson@icloud.com
459,william_martinez_23,5cgnZ1yzHV,william.martinez@aol.com
460,jason_robinson_330,n2wu82vsDx,jason.robinson@icloud.com
461,steven_davis_177,KxkL#KquVR,steven.davis@mail.com
462,katie_lopez_31,2Zqe$iNAcx,katie.lopez@protonmail.com
463,melissa_rodriguez_957,oWr%h%q31S,melissa.rodriguez@protonmail.com
464,stephanie_green_258,s&WXRn4uCn,stephanie.green@outlook.com
465,christopher_moore_651,#wzTzR$cw@,christopher.moore@yandex.com
466,laura_white_645,b@9eAEIQRB,laura.white@aol.com
467,olivia_rivera_482,Mii!5E!rg2,olivia.rivera@yahoo.com
468,andrew_lee_728,$CsTGHz2#9,andrew.lee@zoho.com
469,matthew_moore_767,VJyAOJr7za,matthew.moore@hotmail.com
470,emma_green_150,BOJIGffqO&,emma.green@aol.com
471,tom_taylor_441,G%6Xpqhpa#,tom.taylor@mail.com
472,andrew_jackson_160,BG#cImUuAD,andrew.jackson@yandex.com
473,timothy_miller_496,Zy*HsoldMX,timothy.miller@icloud.com
474,eric_perez_530,Gh!iWKBM3!,eric.perez@zoho.com
475,elizabeth_campbell_788,oOKDiSXjFd,elizabeth.campbell@mail.com
476,steven_jones_733,b#HE&zOqsy,steven.jones@zoho.com
477,olivia_mitchell_542,Es#e3$tPkj,olivia.mitchell@aol.com
478,matthew_jackson_806,%YxkMj1cwy,matthew.jackson@outlook.com
479,laura_martinez_369,Vb1qZZoH4r,laura.martinez@protonmail.com
480,eric_robinson_772,vPvuSbwnR7,eric.robinson@mail.com
481,justin_taylor_685,75o2wUpmHC,justin.taylor@zoho.com
482,tom_jackson_336,J0P5R%t4cW,tom.jackson@outlook.com
483,david_baker_899,m%xjLhRwk6,david.baker@aol.com
484,katie_smith_201,o3vwd5izv%,katie.smith@hotmail.com
485,victoria_jackson_844,sWfaRQj*SM,victoria.jackson@aol.com
486,tom_wilson_861,ZViX&HvUkz,tom.wilson@outlook.com
487,jane_king_975,c4Av@7Lbo0,jane.king@yandex.com
488,olivia_johnson_662,ew90B9Clxt,olivia.johnson@gmail.com
489,stephanie_miller_407,Qdk%wv0IOX,stephanie.miller@protonmail.com
490,hannah_anderson_351,7G2cnG1cqL,hannah.anderson@protonmail.com
491,elizabeth_campbell_691,LFO&J*8CDR,elizabeth.campbell@yahoo.com
492,olivia_martin_581,Kq715a00Ef,olivia.martin@yandex.com
493,jane_lewis_629,YTOFCOp9Tz,jane.lewis@outlook.com
494,sophia_robinson_451,pLhF#sH*Vj,sophia.robinson@hotmail.com
495,chris_martin_347,QqincQ9#PK,chris.martin@yandex.com
496,katie_gonzalez_664,2uqPPoLJkq,katie.gonzalez@outlook.com
497,heather_adams_174,ZvTeWCyCon,heather.adams@zoho.com
498,jane_wright_761,4DFlMVAyyt,jane.wright@icloud.com
499,jennifer_jackson_343,#K%RttVpdi,jennifer.jackson@zoho.com
500,steven_gonzalez_341,92Xi5#rrKJ,steven.gonzalez@aol.com
501,rachel_martin_435,Nj&H5SJ0bR,rachel.martin@zoho.com
502,mike_allen_855,GF3oljp9%F,mike.allen@icloud.com
503,justin_taylor_942,8MiaiE&CjJ,justin.taylor@yandex.com
504,eric_martin_291,KG5BiCqbjl,eric.martin@protonmail.com
505,sara_sanchez_139,@eGp2Dpcnu,sara.sanchez@aol.com
506,jane_flores_683,dSFQno8nVm,jane.flores@protonmail.com
507,katie_walker_356,WCH8sWbx10,katie.walker@gmail.com
508,michelle_flores_744,DEHWWaRBBr,michelle.flores@yandex.com
509,ryan_flores_293,6muD2qbQ8x,ryan.flores@outlook.com
510,jennifer_carter_19,RpEOK!1AgO,jennifer.carter@zoho.com
511,mike_lee_664,DA%snTmQsk,mike.lee@mail.com
512,joshua_hill_647,XIXC0*zAT%,joshua.hill@outlook.com
513,olivia_martin_794,YIx1bXYYpf,olivia.martin@hotmail.com
514,rebecca_clark_465,8b996@XF%l,rebecca.clark@yahoo.com
515,christopher_adams_903,sQ7fUj8iiC,christopher.adams@outlook.com
516,eric_perez_821,XL$z9*JD%#,eric.perez@zoho.com
517,john_perez_699,$mqK#Uawyw,john.perez@icloud.com
518,william_nelson_958,6qLjymAq2Q,william.nelson@aol.com
519,jennifer_rivera_309,VR8nhW!Qps,jennifer.rivera@aol.com
520,andrew_smith_629,65F3WMf41Y,andrew.smith@icloud.com
521,christopher_hall_616,e0CXIKtObU,christopher.hall@protonmail.com
522,lisa_roberts_607,XlmVIP@Tye,lisa.roberts@yandex.com
523,matthew_nelson_180,8*f9foftdX,matthew.nelson@outlook.com
524,nicole_brown_626,3AoSHvZB#w,nicole.brown@yahoo.com
525,rebecca_carter_215,Ad$yLiOCh9,rebecca.carter@aol.com
526,steven_robinson_134,wF5w7AXHRP,steven.robinson@yandex.com
527,sara_hall_338,IpS@*v5Uig,sara.hall@yahoo.com
528,daniel_taylor_764,ZfDZgB3yCb,daniel.taylor@yandex.com
529,christopher_hall_48,zacZml*F4*,christopher.hall@outlook.com
530,jason_walker_591,d19bDuo#0m,jason.walker@hotmail.com
531,matthew_hall_588,se@xnNoVIK,matthew.hall@mail.com
532,jason_lewis_985,VkA5e66x7f,jason.lewis@yahoo.com
533,david_mitchell_799,EG4chaC@bL,david.mitchell@gmail.com
534,linda_mitchell_397,G8x*p%fX0v,linda.mitchell@protonmail.com
535,michelle_garcia_729,38*zY4EA6V,michelle.garcia@mail.com
536,melissa_miller_451,uxbyZ0SWL5,melissa.miller@protonmail.com
537,richard_lopez_581,Iht&qP@!O#,richard.lopez@hotmail.com
538,timothy_lopez_416,Wms3LfX3sd,timothy.lopez@hotmail.com
539,laura_campbell_67,SCLTA&1IFP,laura.campbell@outlook.com
540,john_hill_551,ZokMpvXZhf,john.hill@aol.com
541,joshua_jones_632,1mZIhX$4FU,joshua.jones@hotmail.com
542,daniel_allen_426,Kh&BZn#SkH,daniel.allen@outlook.com
543,patrick_walker_632,501CEbFZkX,patrick.walker@icloud.com
544,tom_scott_515,W&dUOOIE@x,tom.scott@protonmail.com
545,elizabeth_hill_584,m@F%rT27j!,elizabeth.hill@hotmail.com
546,ryan_wilson_916,ZTZ$NZYkpC,ryan.wilson@yahoo.com
547,melissa_adams_115,y83$bztdd!,melissa.adams@yandex.com
548,richard_miller_532,bjta@v@Ii2,richard.miller@mail.com
549,christopher_mitchell_791,z!BB6a66!2,christopher.mitchell@gmail.com
550,emma_brown_529,GcpEBAFLdo,emma.brown@outlook.com
551,john_moore_689,rvM6n56nH*,john.moore@zoho.com
552,victoria_smith_15,!%NKAKhP2u,victoria.smith@yahoo.com
553,linda_wright_832,iGWHKNf#oE,linda.wright@gmail.com
554,jason_flores_449,x!7nW7EmZ&,jason.flores@zoho.com
555,tom_ramirez_231,0N4!t4n#$B,tom.ramirez@outlook.com
556,steven_harris_834,ObAT7w1QQ*,steven.harris@protonmail.com
557,jennifer_young_743,ZYp%gU96uM,jennifer.young@protonmail.com
558,melissa_smith_995,C4WALkGgCb,melissa.smith@aol.com
559,linda_carter_292,O3P3XU@DLN,linda.carter@yandex.com
560,alex_martinez_149,mD%Q$RBtEW,alex.martinez@hotmail.com
561,richard_carter_239,foi73etcaQ,richard.carter@yahoo.com
562,steven_martinez_216,0PIdgUHy@L,steven.martinez@outlook.com
563,jason_lopez_465,D*jJv#7$q#,jason.lopez@gmail.com
564,jennifer_lopez_55,uhUyqDprUW,jennifer.lopez@yandex.com
565,elizabeth_flores_630,iSV%JtwBfg,elizabeth.flores@protonmail.com
566,lisa_green_32,Coe@Kn607I,lisa.green@yahoo.com
567,richard_thomas_90,yc5f8G!vbD,richard.thomas@icloud.com
568,olivia_torres_410,SQYL&mk44V,olivia.torres@zoho.com
569,olivia_thomas_71,8NNynA9y3S,olivia.thomas@zoho.com
570,richard_hernandez_100,TDpQb*jMWE,richard.hernandez@gmail.com
571,ryan_davis_623,KgP*NupBAV,ryan.davis@hotmail.com
572,eric_mitchell_573,16sYCeSl&e,eric.mitchell@aol.com
573,rachel_anderson_14,aPb$EgOCWn,rachel.anderson@yandex.com
574,laura_allen_220,OTw8Yp*uu1,laura.allen@zoho.com
575,william_roberts_642,HOmi8A3Cne,william.roberts@gmail.com
576,brian_perez_88,t10%GsNp86,brian.perez@icloud.com
577,jane_adams_784,vsdB3FC73i,jane.adams@protonmail.com
578,patrick_walker_226,tluawb8x4c,patrick.walker@gmail.com
579,linda_davis_437,$S7voGda2B,linda.davis@icloud.com
580,linda_hall_658,Os&1fVB*Y4,linda.hall@gmail.com
581,melissa_hall_240,A&h6Yi6lWl,melissa.hall@protonmail.com
582,sara_white_972,Hc3Un0yl6r,sara.white@outlook.com
583,mike_robinson_354,6Kd5A5vVAA,mike.robinson@hotmail.com
584,chris_moore_346,!nA!vXWHvN,chris.moore@yahoo.com
585,david_hall_818,7NaIVJByAu,david.hall@outlook.com
586,john_clark_916,0SbueSWbKi,john.clark@icloud.com
587,alex_martinez_451,y5iYX#PNZS,alex.martinez@yandex.com
588,daniel_rivera_952,rEywF@s9Wn,daniel.rivera@aol.com
589,brian_wilson_356,uSdCO2hzOu,brian.wilson@zoho.com
590,tom_gonzalez_165,1CnqyqxvUs,tom.gonzalez@protonmail.com
591,matthew_moore_255,AvVq5HklJc,matthew.moore@zoho.com
592,andrew_williams_208,MZ%EJCNI0z,andrew.williams@aol.com
593,katie_hall_557,CvcnY%5m&z,katie.hall@aol.com
594,jeffrey_walker_532,OATO&V$%$z,jeffrey.walker@zoho.com
595,tom_campbell_945,0NYZxK0Sp&,tom.campbell@gmail.com
596,emma_mitchell_737,JSLm!9sgAe,emma.mitchell@yahoo.com
597,michelle_garcia_666,!Ir5CNrKpH,michelle.garcia@yahoo.com
598,samantha_lopez_175,Bp56Bvivsk,samantha.lopez@mail.com
599,joshua_taylor_146,%!lGe6jWFy,joshua.taylor@zoho.com
600,justin_harris_507,TIqf9jUJK#,justin.harris@icloud.com
601,david_allen_735,FiULkaq&ZD,david.allen@mail.com
602,elizabeth_nelson_700,HmQ8cKebfQ,elizabeth.nelson@yandex.com
603,john_smith_760,5O$D1VyeYl,john.smith@yandex.com
604,samantha_martin_187,@8x$iqn4Pr,samantha.martin@hotmail.com
605,sophia_hill_420,Y1ueGP!P38,sophia.hill@hotmail.com
606,kevin_hernandez_954,fqPMIosX8C,kevin.hernandez@protonmail.com
607,brian_lee_739,#1Eq#UyQxV,brian.lee@gmail.com
608,linda_thomas_855,ymtT4XL6h#,linda.thomas@gmail.com
609,tom_lewis_201,EQ3JCfLyh2,tom.lewis@outlook.com
610,brian_harris_618,R3oYwMR7!#,brian.harris@gmail.com
611,sara_anderson_606,VQAF%bxh6B,sara.anderson@zoho.com
612,chris_mitchell_324,S&Jxq%roEs,chris.mitchell@outlook.com
613,elizabeth_martinez_277,9OWcVchco&,elizabeth.martinez@mail.com
614,jane_miller_347,!2Vdj$9h1&,jane.miller@icloud.com
615,katie_mitchell_542,O299#@&YXI,katie.mitchell@mail.com
616,robert_williams_803,U30DwEkVNU,robert.williams@hotmail.com
617,katie_smith_591,qUjJOyIYpr,katie.smith@aol.com
618,rachel_taylor_354,D2!X%sxT!7,rachel.taylor@aol.com
619,eric_jackson_844,w&5y3mKYPi,eric.jackson@icloud.com
620,chris_rivera_604,*Z#H@c5ovx,chris.rivera@yandex.com
621,samantha_hall_121,JOJFPOR5oC,samantha.hall@aol.com
622,katie_walker_27,2T7Qq4Mv$Y,katie.walker@aol.com
623,jennifer_allen_431,GRZ1t5a5$8,jennifer.allen@yandex.com
624,brian_jackson_471,0rJST1RSgL,brian.jackson@outlook.com
625,hannah_anderson_263,Y2E2aJNuDb,hannah.anderson@icloud.com
626,daniel_hill_992,*HaiarLWfv,daniel.hill@yahoo.com
627,eric_rivera_821,*L&5HA8rsb,eric.rivera@yandex.com
628,alex_scott_515,UtEm0h@oWl,alex.scott@yandex.com
629,alex_lopez_860,CKD6qPJ4&R,alex.lopez@zoho.com
630,eric_torres_242,WCJyr%uq61,eric.torres@icloud.com
631,joshua_adams_493,Ore0aI!9i4,joshua.adams@icloud.com
632,heather_rivera_302,k#jYhh3xl1,heather.rivera@mail.com
633,patrick_garcia_354,#OtTTt7CFx,patrick.garcia@protonmail.com
634,rebecca_rodriguez_447,aP0Rx8mWe!,rebecca.rodriguez@yandex.com
635,emma_garcia_978,d2oqP1Jsc$,emma.garcia@mail.com
636,kevin_white_35,xs2qJl&AjQ,kevin.white@protonmail.com
637,elizabeth_hall_786,!&BzV5T$w#,elizabeth.hall@yahoo.com
638,emily_rodriguez_855,7*v2cwss5P,emily.rodriguez@yandex.com
639,stephanie_johnson_584,yQEETU#kHo,stephanie.johnson@outlook.com
640,katie_green_837,yJsQhb&T*t,katie.green@protonmail.com
641,steven_lee_128,97nj!6SR6@,steven.lee@hotmail.com
642,olivia_johnson_494,Mg33dkXOmn,olivia.johnson@aol.com
643,brian_johnson_463,jlbc9DJlGB,brian.johnson@yahoo.com
644,chris_jackson_859,6s!VYMokJq,chris.jackson@gmail.com
645,timothy_wright_65,VyPIlFjNz0,timothy.wright@icloud.com
646,linda_green_44,&GTXFHrkg$,linda.green@mail.com
647,sophia_green_301,hOYuT@Lyxi,sophia.green@icloud.com
648,steven_campbell_32,p1!g5DM7ZY,steven.campbell@gmail.com
649,elizabeth_carter_293,C*23hqCZCu,elizabeth.carter@hotmail.com
650,stephanie_scott_114,SZWPubJI5p,stephanie.scott@yandex.com
651,kevin_young_883,5beC1A*iee,kevin.young@mail.com
652,daniel_rivera_258,O$GEp9i9&R,daniel.rivera@outlook.com
653,joshua_robinson_43,#gDZGsfqNt,joshua.robinson@zoho.com
654,jason_hill_218,g4g5&HBUXW,jason.hill@hotmail.com
655,mike_jackson_558,0lPEPTI1ei,mike.jackson@icloud.com
656,stephanie_johnson_695,Gnwu9h5GGE,stephanie.johnson@hotmail.com
657,justin_walker_589,4QB4naRR0q,justin.walker@zoho.com
658,daniel_green_433,fdCiJnemK%,daniel.green@outlook.com
659,eric_hall_664,1mBtFk6tYL,eric.hall@protonmail.com
660,james_carter_729,Nunvg04P#Q,james.carter@hotmail.com
661,elizabeth_roberts_312,C*EZO9zql5,elizabeth.roberts@protonmail.com
662,elizabeth_thompson_981,X$A5!FeGN7,elizabeth.thompson@zoho.com
663,stephanie_smith_993,Hl*BV2ipnE,stephanie.smith@protonmail.com
664,jane_carter_355,Jo!AWNB8yI,jane.carter@hotmail.com
665,william_robinson_989,xC1pCCbSJT,william.robinson@hotmail.com
666,heather_hall_293,OhsTac9QNk,heather.hall@protonmail.com
667,andrew_king_497,plNWDN!IqY,andrew.king@aol.com
668,david_allen_629,Dq3HoEa%Vh,david.allen@hotmail.com
669,chris_davis_139,BJLLv4w@Eq,chris.davis@yandex.com
670,richard_lee_327,h50$rk4FkN,richard.lee@aol.com
671,linda_moore_985,HW&gUQN5#n,linda.moore@yahoo.com
672,katie_wilson_95,!isp8gFD%V,katie.wilson@yahoo.com
673,jason_robinson_865,uMx%6wBkJs,jason.robinson@outlook.com
674,elizabeth_lopez_912,7%p#Hfz$zZ,elizabeth.lopez@hotmail.com
675,ryan_nelson_466,5so04gl*OC,ryan.nelson@outlook.com
676,mike_nelson_695,a8GAPfRwQ5,mike.nelson@gmail.com
677,alex_williams_142,h5zHbdXwk0,alex.williams@yandex.com
678,andrew_davis_882,6x&*GxW1vq,andrew.davis@hotmail.com
679,daniel_perez_848,C7R3#Lgi&s,daniel.perez@icloud.com
680,nicole_nelson_399,EGD6uPSv&A,nicole.nelson@outlook.com
681,jane_king_793,LWPXRfyvt2,jane.king@yahoo.com
682,richard_torres_96,oQa%ccv6D@,richard.torres@aol.com
683,olivia_miller_909,mxA0sCQOxj,olivia.miller@gmail.com
684,john_robinson_947,ZJedp!nl#X,john.robinson@mail.com
685,elizabeth_carter_975,cVh9q*BG7k,elizabeth.carter@protonmail.com
686,justin_carter_246,YQAaSXJCuC,justin.carter@aol.com
687,kevin_young_779,LEKotz&kIy,kevin.young@yahoo.com
688,melissa_carter_923,T$m8O89NQF,melissa.carter@icloud.com
689,heather_flores_680,GVcYcd2k@O,heather.flores@gmail.com
690,stephanie_hill_624,8HI*QHtFhK,stephanie.hill@mail.com
691,lisa_robinson_714,Bi0vhBo%nJ,lisa.robinson@gmail.com
692,nicole_ramirez_499,ME4TauTUvq,nicole.ramirez@protonmail.com
693,andrew_lewis_127,rLPy0DdPjD,andrew.lewis@icloud.com
694,jane_taylor_594,S4EDQBhO@s,jane.taylor@yahoo.com
695,patrick_taylor_145,tI@qc7B8$H,patrick.taylor@icloud.com
696,mia_torres_652,RoOjUzmfJD,mia.torres@aol.com
697,patrick_gonzalez_524,npv8db9LPW,patrick.gonzalez@outlook.com
698,jane_williams_821,meR9Ltp16#,jane.williams@mail.com
699,mia_hernandez_233,pmVGGF#0#Q,mia.hernandez@yahoo.com
700,eric_jones_375,iHL6!fP9TM,eric.jones@zoho.com
701,jason_clark_901,1DfRCyxQKN,jason.clark@gmail.com
702,robert_baker_55,TuC$AhOMHg,robert.baker@icloud.com
703,christopher_ramirez_746,*AIf*K4CV0,christopher.ramirez@mail.com
704,steven_nguyen_119,fh3ciZxs16,steven.nguyen@protonmail.com
705,david_johnson_291,JMwsDmvCIB,david.johnson@yandex.com
706,sara_nelson_759,Jn2efKFju1,sara.nelson@zoho.com
707,daniel_hernandez_995,pHqAx1OW5*,daniel.hernandez@icloud.com
708,matthew_williams_566,EgNVoZg7YA,matthew.williams@icloud.com
709,david_clark_629,2K!G#1cjAj,david.clark@zoho.com
710,victoria_williams_482,c8#Zl&DDZG,victoria.williams@icloud.com
711,joshua_harris_52,X4Z$**XKFI,joshua.harris@zoho.com
712,olivia_rivera_545,fdMtR7e8R4,olivia.rivera@protonmail.com
713,timothy_rivera_59,4e2!@7qhMl,timothy.rivera@mail.com
714,jason_rodriguez_214,@N9udrZL7X,jason.rodriguez@outlook.com
715,christopher_nguyen_388,qmK#kL#D@&,christopher.nguyen@protonmail.com
716,kevin_thompson_163,Q!Kp&hzyGl,kevin.thompson@icloud.com
717,john_white_101,m9eENQoKLB,john.white@aol.com
718,matthew_lopez_229,o8VT2ex8aD,matthew.lopez@yandex.com
719,emma_jackson_265,4fWcvoR!Nf,emma.jackson@yahoo.com
720,nicole_gonzalez_504,g4Q2wB%Fdn,nicole.gonzalez@zoho.com
721,olivia_ramirez_361,eNXyFajXdm,olivia.ramirez@protonmail.com
722,jane_thompson_573,yYUSF7VCz7,jane.thompson@zoho.com
723,mike_nguyen_791,txoHR5*Qu8,mike.nguyen@yandex.com
724,melissa_taylor_766,2lZwmDbIMN,melissa.taylor@gmail.com
725,chris_hall_940,i1ocb0IhX0,chris.hall@mail.com
726,joshua_allen_669,2e$EwtKBhQ,joshua.allen@yandex.com
727,tom_rivera_812,E1oMZT!RMX,tom.rivera@mail.com
728,amanda_walker_616,arx8yn1Q!!,amanda.walker@mail.com
729,daniel_miller_20,KhEt92tcIR,daniel.miller@outlook.com
730,samantha_williams_376,2@!SM3VfVT,samantha.williams@zoho.com
731,rachel_taylor_834,5!BC2Ix4l0,rachel.taylor@aol.com
732,richard_rodriguez_469,Pz7pEq4gW5,richard.rodriguez@aol.com
733,sara_scott_368,I!6ZZkRV#A,sara.scott@gmail.com
734,michelle_davis_898,8CUEhECeVQ,michelle.davis@mail.com
735,chris_smith_819,Ma%8DgH95G,chris.smith@aol.com
736,daniel_campbell_577,nnuqsMiUiW,daniel.campbell@yandex.com
737,samantha_perez_152,VPyP7Uttta,samantha.perez@mail.com
738,ryan_taylor_877,Jzmk$dVM81,ryan.taylor@outlook.com
739,stephanie_jones_504,qvk$3OIXqV,stephanie.jones@yandex.com
740,samantha_thompson_634,t6lqz5HDCV,samantha.thompson@aol.com
741,victoria_williams_182,uaGW0WGCr6,victoria.williams@yahoo.com
742,victoria_taylor_533,0q3$EuzwrS,victoria.taylor@aol.com
743,jane_allen_332,M7ZsJyV2hw,jane.allen@mail.com
744,andrew_young_169,GZU&W*yIYZ,andrew.young@mail.com
745,brian_thompson_528,CqHw1I5H7t,brian.thompson@aol.com
746,andrew_roberts_79,FYLlEwwZPR,andrew.roberts@aol.com
747,katie_lee_189,Z8ou#12r$6,katie.lee@zoho.com
748,laura_martinez_428,T86ti!i$#5,laura.martinez@aol.com
749,mike_brown_400,$8Btql0o3A,mike.brown@protonmail.com
750,michelle_hill_785,r5GzL%bUr3,michelle.hill@icloud.com
751,kevin_smith_70,rkmx4Bby7L,kevin.smith@mail.com
752,eric_harris_256,!GxFymmzYo,eric.harris@gmail.com
753,mia_nguyen_567,5K$oV9sxOm,mia.nguyen@aol.com
754,john_taylor_266,HQk6mOaPlv,john.taylor@protonmail.com
755,steven_taylor_650,ucUd!%lgsc,steven.taylor@zoho.com
756,kevin_jackson_152,UXYLx&MV*L,kevin.jackson@yandex.com
757,justin_lewis_685,BI6GBuDqVu,justin.lewis@hotmail.com
758,daniel_smith_877,rZ7sfriT6C,daniel.smith@aol.com
759,jason_green_982,4yp7hNWEdh,jason.green@aol.com
760,sophia_jackson_684,gQwI8WwI*F,sophia.jackson@icloud.com
761,sara_harris_219,LXob&K08bk,sara.harris@yahoo.com
762,sophia_rodriguez_51,pzeepGAb5@,sophia.rodriguez@hotmail.com
763,linda_lopez_390,FUNq%e*isd,linda.lopez@icloud.com
764,emily_hall_161,PwqB80#7&A,emily.hall@protonmail.com
765,david_taylor_185,ZW1Ksae#!t,david.taylor@yandex.com
766,michelle_ramirez_848,aw8lI0%6Ko,michelle.ramirez@zoho.com
767,jennifer_perez_572,v#9oKA4lnW,jennifer.perez@yandex.com
768,jennifer_brown_312,9$VBp@WR&J,jennifer.brown@outlook.com
769,jane_brown_95,8NvX@wT4t*,jane.brown@hotmail.com
770,eric_baker_649,9HdbaITfvQ,eric.baker@yahoo.com
771,david_moore_903,jkYc4bULiZ,david.moore@outlook.com
772,timothy_moore_746,31#7de0w0M,timothy.moore@yandex.com
773,nicole_flores_627,vcq#IBI%mW,nicole.flores@yandex.com
774,justin_campbell_859,BhMvB0H&ui,justin.campbell@icloud.com
775,michelle_smith_645,cgaJXRmqHe,michelle.smith@icloud.com
776,linda_miller_38,qN*z48GUb5,linda.miller@yahoo.com
777,john_davis_25,dJ3J&tAKiX,john.davis@aol.com
778,james_thomas_354,m1DBquoSbB,james.thomas@protonmail.com
779,christopher_allen_434,8NiYFflb*r,christopher.allen@mail.com
780,mike_campbell_832,aGSiR88enE,mike.campbell@aol.com
781,rebecca_sanchez_350,NAdlT@59H5,rebecca.sanchez@mail.com
782,hannah_williams_159,LGBTjBM8MW,hannah.williams@gmail.com
783,brian_hill_974,KXxiQ0AA08,brian.hill@icloud.com
784,rachel_jones_659,*Ct%8&Ix4w,rachel.jones@yandex.com
785,daniel_rivera_996,##$EjNttNZ,daniel.rivera@outlook.com
786,lisa_carter_797,t9gIeQHexc,lisa.carter@icloud.com
787,jennifer_smith_137,nHqtVtJg#y,jennifer.smith@yahoo.com
788,james_martinez_383,#To0&iCbCz,james.martinez@hotmail.com
789,timothy_miller_724,jj1&tp*p3@,timothy.miller@yandex.com
790,olivia_flores_87,0loL21q$Sg,olivia.flores@gmail.com
791,jason_walker_522,nnnmKqJPBY,jason.walker@hotmail.com
792,amanda_gonzalez_272,B*eHK12DTN,amanda.gonzalez@hotmail.com
793,amanda_rivera_803,rp!W0VsIVw,amanda.rivera@hotmail.com
794,david_nelson_892,mNfPzROUyv,david.nelson@outlook.com
795,jason_mitchell_834,8i$VN#ly%U,jason.mitchell@outlook.com
796,richard_jackson_621,gwH9*p8Fni,richard.jackson@outlook.com
797,melissa_hernandez_428,qDE4zDePMi,melissa.hernandez@mail.com
798,eric_miller_955,Bq41&0JEb6,eric.miller@yahoo.com
799,john_nguyen_618,GEziKR%!9i,john.nguyen@yahoo.com
800,olivia_nelson_372,NI68rIYwgL,olivia.nelson@zoho.com
801,steven_mitchell_346,iDzr7!HFnH,steven.mitchell@zoho.com
802,jane_baker_178,uW04mlDx@6,jane.baker@outlook.com
803,laura_robinson_81,QBwWcCPj&Z,laura.robinson@hotmail.com
804,timothy_wilson_685,wIOsMBzrlG,timothy.wilson@yandex.com
805,ryan_wright_389,m95V8gAbW@,ryan.wright@aol.com
806,elizabeth_smith_885,VRGQrgNrY&,elizabeth.smith@gmail.com
807,william_gonzalez_589,1H8pTeC1nk,william.gonzalez@hotmail.com
808,stephanie_lewis_783,qoHevZPBxA,stephanie.lewis@aol.com
809,hannah_rivera_37,GeK8#sU9KZ,hannah.rivera@yahoo.com
810,katie_adams_195,afi%Uvcp2#,katie.adams@gmail.com
811,michelle_jones_28,EHEbslbuGM,michelle.jones@icloud.com
812,matthew_smith_997,Lb4ZUXVQfj,matthew.smith@zoho.com
813,mia_king_699,jGC9A4aZZj,mia.king@yandex.com
814,amy_allen_295,CWoTf*L6d&,amy.allen@aol.com
815,james_king_766,0YFfTt2*m8,james.king@zoho.com
816,jeffrey_carter_786,mLcuM%8QCV,jeffrey.carter@gmail.com
817,mike_thomas_158,Wr6k5CZjO8,mike.thomas@aol.com
818,daniel_torres_692,*!cxXMKWty,daniel.torres@yandex.com
819,rebecca_rivera_785,*$SdkD7bNo,rebecca.rivera@protonmail.com
820,john_martin_822,lq6pFW*p$E,john.martin@gmail.com
821,patrick_martin_311,&1f2WWAFNY,patrick.martin@yahoo.com
822,katie_clark_118,Rm@tp9FMR3,katie.clark@yahoo.com
823,michelle_young_108,MZtWFGDLkR,michelle.young@zoho.com
824,sara_moore_596,*oo17E9nL0,sara.moore@zoho.com
825,elizabeth_moore_83,Tq1BeW$34l,elizabeth.moore@yahoo.com
826,sara_moore_681,gauDlP13Ur,sara.moore@zoho.com
827,heather_hernandez_636,OR47@QNyPw,heather.hernandez@yandex.com
828,amanda_torres_35,ZD7r#1*$&6,amanda.torres@gmail.com
829,amanda_perez_508,NeKxNuU!Wq,amanda.perez@protonmail.com
830,samantha_thompson_819,kHvziSRpmJ,samantha.thompson@mail.com
831,james_king_615,5!Yo$vSMgu,james.king@hotmail.com
832,richard_carter_256,jv95eYkWcM,richard.carter@yandex.com
833,elizabeth_king_417,VpPNFA#EHQ,elizabeth.king@yandex.com
834,david_roberts_274,QTxL*PsuI#,david.roberts@protonmail.com
835,christopher_wright_756,Ap4@h72G@S,christopher.wright@gmail.com
836,ryan_sanchez_259,QPQi!5LaL8,ryan.sanchez@gmail.com
837,justin_sanchez_852,pNbDGkB9KE,justin.sanchez@yandex.com
838,timothy_martinez_522,Z%hU3&*jxf,timothy.martinez@icloud.com
839,jane_rodriguez_382,rgd2xk8!fY,jane.rodriguez@outlook.com
840,rachel_robinson_577,GssYVDmRh8,rachel.robinson@gmail.com
841,christopher_carter_164,wMFBwVck@3,christopher.carter@hotmail.com
842,william_torres_843,MFK01zHYgw,william.torres@zoho.com
843,matthew_moore_622,z!V1EY@32C,matthew.moore@yandex.com
844,olivia_nguyen_745,IVP5izqvKf,olivia.nguyen@gmail.com
845,nicole_white_904,0%W%ZUCbdy,nicole.white@aol.com
846,james_allen_756,uKjCmzeAAw,james.allen@mail.com
847,andrew_mitchell_550,uoYWl3ILNH,andrew.mitchell@zoho.com
848,hannah_roberts_745,9nh83z3NQ4,hannah.roberts@gmail.com
849,elizabeth_robinson_732,Vz!yIvQlVK,elizabeth.robinson@hotmail.com
850,jane_scott_88,C3nOWNu7Jf,jane.scott@gmail.com
851,andrew_green_376,S3oOiSWbfC,andrew.green@aol.com
852,laura_green_227,cxeZZ8yh!m,laura.green@zoho.com
853,david_nelson_128,8NhxcTCi*#,david.nelson@yahoo.com
854,jeffrey_lopez_696,a!FxWQw$JL,jeffrey.lopez@yandex.com
855,david_martin_289,fy%jkLV34q,david.martin@hotmail.com
856,matthew_mitchell_508,Pus0a99Ruh,matthew.mitchell@yandex.com
857,mike_campbell_285,xajA1R4qpe,mike.campbell@yahoo.com
858,samantha_garcia_613,2cIjtUNBNc,samantha.garcia@yahoo.com
859,rebecca_lewis_60,24SdGGPmrl,rebecca.lewis@yahoo.com
860,chris_sanchez_959,XM3$mcU6f&,chris.sanchez@aol.com
861,hannah_garcia_561,z6tDc7zv00,hannah.garcia@aol.com
862,emily_carter_500,4Sl7mzBovu,emily.carter@icloud.com
863,emma_garcia_489,Q2jjYrtvTF,emma.garcia@outlook.com
864,joshua_jackson_777,uaQ@J1s#TA,joshua.jackson@zoho.com
865,michelle_wright_551,ASirYYR6r$,michelle.wright@icloud.com
866,rebecca_rivera_360,SXIAl%E*Fu,rebecca.rivera@protonmail.com
867,amy_allen_579,Qm!pkLNORa,amy.allen@zoho.com
868,michelle_wright_919,#6k#CI$%eB,michelle.wright@gmail.com
869,katie_martinez_688,BuBPn%EbjO,katie.martinez@yandex.com
870,emily_lewis_15,r7fKNQcc1o,emily.lewis@outlook.com
871,steven_walker_645,Hi$NqwUm$$,steven.walker@yahoo.com
872,rachel_flores_492,@%WJ!RH8Z5,rachel.flores@outlook.com
873,brian_wright_818,A@ahKIMNnE,brian.wright@protonmail.com
874,david_miller_463,@gZZgJJFR5,david.miller@aol.com
875,olivia_green_378,S2@Atv0JZ7,olivia.green@outlook.com
876,melissa_ramirez_41,Mvo!TXEAr0,melissa.ramirez@yahoo.com
877,andrew_mitchell_697,3vaDoEXK$5,andrew.mitchell@mail.com
878,emily_wilson_601,$N0PfVhZ3f,emily.wilson@mail.com
879,jeffrey_sanchez_536,31sn#H6m!c,jeffrey.sanchez@gmail.com
880,james_walker_52,mv4X3rOxfG,james.walker@protonmail.com
881,alex_campbell_823,UAHbwjml%F,alex.campbell@aol.com
882,amanda_rivera_201,ALfyZ2zCSS,amanda.rivera@mail.com
883,emily_rodriguez_807,fFKQPfeeUs,emily.rodriguez@aol.com
884,john_campbell_846,2oNxm&32Lo,john.campbell@protonmail.com
885,laura_hall_881,U@CZciZXi#,laura.hall@protonmail.com
886,samantha_campbell_227,GxJzi&Emjd,samantha.campbell@gmail.com
887,amy_rivera_412,5t*t!xQZj!,amy.rivera@zoho.com
888,timothy_thompson_312,f5#tUM*AoC,timothy.thompson@gmail.com
889,mia_hernandez_274,bdFopcVB8a,mia.hernandez@zoho.com
890,mia_hernandez_523,N8hpj&dgJ3,mia.hernandez@outlook.com
891,robert_king_837,IBW7BFz#uk,robert.king@mail.com
892,patrick_campbell_34,DKCN7PUrE1,patrick.campbell@outlook.com
893,david_taylor_795,uZO6O76Noh,david.taylor@hotmail.com
894,ryan_allen_841,3T0*as0AOP,ryan.allen@hotmail.com
895,hannah_hernandez_520,@ZAk7w3we&,hannah.hernandez@mail.com
896,hannah_martin_348,ajVaXcid#O,hannah.martin@zoho.com
897,david_carter_897,KTNyzh3u!Y,david.carter@hotmail.com
898,victoria_thompson_233,JeY0MSTPyO,victoria.thompson@yahoo.com
899,william_ramirez_582,MeoMmw&Xto,william.ramirez@hotmail.com
900,daniel_allen_816,M7yJB8KsmU,daniel.allen@yahoo.com
901,daniel_clark_376,fvYB&bNGdL,daniel.clark@outlook.com
902,amanda_torres_47,xIXTr4!i#u,amanda.torres@aol.com
903,christopher_thompson_887,FkVX@ypn7b,christopher.thompson@zoho.com
904,victoria_martinez_153,DfmjDPVFFD,victoria.martinez@hotmail.com
905,jane_perez_601,@p4tA8k9K9,jane.perez@mail.com
906,olivia_taylor_916,21RYWTs#Lv,olivia.taylor@mail.com
907,samantha_torres_829,duT7*TQm61,samantha.torres@icloud.com
908,richard_thompson_654,ih#eh3LxkE,richard.thompson@hotmail.com
909,timothy_robinson_483,$852zScb@h,timothy.robinson@zoho.com
910,chris_walker_868,9v&oozvyc#,chris.walker@protonmail.com
911,richard_white_32,F1nfIGUg#d,richard.white@yandex.com
912,linda_clark_102,r!f5sP11f$,linda.clark@yahoo.com
913,linda_green_323,KmGalTFkE9,linda.green@yandex.com
914,jane_baker_61,SLPX5wwX7Q,jane.baker@aol.com
915,sophia_harris_394,TtFUd$7HjF,sophia.harris@outlook.com
916,sara_martinez_554,b7%tYCmxuy,sara.martinez@zoho.com
917,mia_walker_997,leYF%$Ll$b,mia.walker@gmail.com
918,emily_adams_695,zLeT85!TeM,emily.adams@mail.com
919,emma_thompson_955,!C7@FX#zim,emma.thompson@gmail.com
920,hannah_moore_345,jZRQ4T3FcD,hannah.moore@aol.com
921,daniel_harris_154,&#DXNh@4Ea,daniel.harris@yandex.com
922,emily_baker_451,wTBnDE4ZVE,emily.baker@yahoo.com
923,joshua_johnson_56,qMV9WFmr&5,joshua.johnson@aol.com
924,richard_garcia_937,umAzyVjCk%,richard.garcia@aol.com
925,kevin_moore_761,KJX3DHx1fP,kevin.moore@yahoo.com
926,joshua_thomas_536,8lXfOdGi5A,joshua.thomas@gmail.com
927,lisa_wright_350,13P87m&Mmd,lisa.wright@yandex.com
928,jeffrey_harris_453,&TVJC#reKW,jeffrey.harris@outlook.com
929,kevin_flores_344,8IJbMLWLOw,kevin.flores@zoho.com
930,steven_anderson_493,Q@&A@Nwb1E,steven.anderson@hotmail.com
931,emily_moore_131,gsIz6mQeG%,emily.moore@zoho.com
932,eric_white_526,GrfSNJsLZi,eric.white@gmail.com
933,james_anderson_219,Ts%zO6a%wL,james.anderson@hotmail.com
934,linda_adams_143,2QWtmH8ekf,linda.adams@yahoo.com
935,linda_campbell_641,y9eRo7T64%,linda.campbell@hotmail.com
936,jane_roberts_656,vqBoUZFZJ1,jane.roberts@icloud.com
937,kevin_martin_433,N4cIGcNNW7,kevin.martin@gmail.com
938,joshua_scott_167,vc&5ne$@xn,joshua.scott@protonmail.com
939,daniel_martin_599,r!cOd2q8@T,daniel.martin@outlook.com
940,alex_nguyen_12,7aPGNSoXj6,alex.nguyen@zoho.com
941,eric_young_805,ENmBcpVA8l,eric.young@yahoo.com
942,emily_thompson_220,dcQ9EBxI2t,emily.thompson@protonmail.com
943,laura_wilson_345,i8nL3g!XYc,laura.wilson@zoho.com
944,emma_gonzalez_754,3N*Z9j%Sg4,emma.gonzalez@mail.com
945,jane_young_891,*gRFuby#&J,jane.young@icloud.com
946,nicole_taylor_990,8gQPOTEh4&,nicole.taylor@gmail.com
947,richard_jackson_122,FVn3NcGqMk,richard.jackson@outlook.com
948,melissa_miller_781,a@CgOU8oqF,melissa.miller@yahoo.com
949,hannah_ramirez_601,D16Dq3ALyW,hannah.ramirez@icloud.com
950,andrew_green_590,9H@KYhoc!w,andrew.green@aol.com
951,alex_perez_73,nmwJ8MyBSE,alex.perez@icloud.com
952,heather_young_29,s3NT5Pqp4I,heather.young@aol.com
953,mike_taylor_348,CBTo4J5uvF,mike.taylor@hotmail.com
954,elizabeth_robinson_173,2H4rv&m&vV,elizabeth.robinson@icloud.com
955,melissa_campbell_817,ZTxa3!e5a0,melissa.campbell@protonmail.com
956,rachel_martinez_213,NduGMTx47L,rachel.martinez@hotmail.com
957,jane_moore_704,dJS5J1ZLb8,jane.moore@outlook.com
958,justin_gonzalez_792,#BYTkI84&r,justin.gonzalez@mail.com
959,steven_baker_839,T0iWMHvWNc,steven.baker@yandex.com
960,christopher_nelson_955,5vpapW7x3E,christopher.nelson@gmail.com
961,jason_wilson_318,tU$@qNGhgI,jason.wilson@aol.com
962,patrick_smith_842,On#P@6Kvhq,patrick.smith@gmail.com
963,richard_allen_12,dLK8dG0pNI,richard.allen@icloud.com
964,david_harris_800,X!OT70yWea,david.harris@zoho.com
965,linda_thomas_189,aSwkEX%h2f,linda.thomas@yandex.com
966,linda_torres_966,zVKiJA%NEj,linda.torres@outlook.com
967,heather_miller_640,kQ$eqHcU5Z,heather.miller@yahoo.com
968,rebecca_hill_595,uiZF!d5DLX,rebecca.hill@protonmail.com
969,robert_sanchez_649,vGO!e4*5G$,robert.sanchez@mail.com
970,joshua_gonzalez_398,ZNDoQOcL#z,joshua.gonzalez@hotmail.com
971,heather_hernandez_834,6rtk5bTLd@,heather.hernandez@outlook.com
972,katie_adams_194,!uVIC1hE$D,katie.adams@zoho.com
973,justin_hall_392,Baa3als4MR,justin.hall@gmail.com
974,matthew_hall_174,5DGzfka9ni,matthew.hall@outlook.com
975,mike_clark_263,fG$&BM96l6,mike.clark@zoho.com
976,chris_wright_710,kziKIe5QnG,chris.wright@yandex.com
977,joshua_nguyen_45,n4LK5vbDW4,joshua.nguyen@yahoo.com
978,alex_hernandez_708,Ym8QC6c%eK,alex.hernandez@icloud.com
979,emma_sanchez_314,gP!bBHKL49,emma.sanchez@yahoo.com
980,jennifer_nelson_515,mnt9%Lbws2,jennifer.nelson@yahoo.com
981,katie_thomas_367,B5ZAVZw5Y3,katie.thomas@yahoo.com
982,jeffrey_adams_245,$hQ4e0oMFM,jeffrey.adams@aol.com
983,elizabeth_carter_683,NRTUZR56ct,elizabeth.carter@outlook.com
984,michelle_torres_73,x*!PyCU6Qc,michelle.torres@outlook.com
985,ryan_lewis_851,HVF@YPb@gx,ryan.lewis@yandex.com
986,samantha_davis_786,njJ6fB1s6C,samantha.davis@mail.com
987,stephanie_mitchell_496,IjZsWrQEYL,stephanie.mitchell@aol.com
988,william_brown_90,RoGGvUu6zA,william.brown@hotmail.com
989,samantha_baker_874,WLK@nEdrcn,samantha.baker@yahoo.com
990,alex_campbell_315,bafP$E69i$,alex.campbell@yahoo.com
991,samantha_baker_812,D4PJeeVv$N,samantha.baker@protonmail.com
992,jeffrey_sanchez_889,JRl*NxF@AZ,jeffrey.sanchez@outlook.com
993,patrick_sanchez_550,E66y3cgX#i,patrick.sanchez@icloud.com
994,linda_rodriguez_283,4vPh*3%7sw,linda.rodriguez@gmail.com
995,justin_green_124,p@wDIGgt6f,justin.green@yandex.com
996,emily_allen_238,!szqq3NgkB,emily.allen@aol.com
997,brian_clark_612,x!QW2AJwjj,brian.clark@yahoo.com
998,daniel_garcia_943,VNX#Ki7sg1,daniel.garcia@icloud.com
999,kevin_hill_836,yj#j@iIDlf,kevin.hill@yahoo.com
1000,richard_wright_503,kjwod42spJ,richard.wright@zoho.com
